image_name,generated_response,expected_caption
ROCOv2_2023_train_000001.jpg,"pneumomediastinum. Axial contrast-enhanced CT image shows pneumomediastinum (arrow) with air in the subcutaneous layer of the right parotid gland, which is also hyperdense and hypo-attenuating on the axial plane. The subcutaneous air extends",Head CT demonstrating left parotiditis.
ROCOv2_2023_train_000002.jpg,"pulmonary artery. The pulmonary artery is dilated and the left ventricle is hypertrophied, with a large amount of blood in it. There are no signs of aortic dissection or thrombus formation. 2D-TEE: 2D-transesophageal echocardiography; 3D-",Acquired renal cysts in end-stage renal failure: 16-year-old girl with Alport syndrome and peritoneal dialysis from the age of 2 years
ROCOv2_2023_train_000003.jpg,"pneumomediastinum (arrow) in a 60-year-old male patient with a history of left upper lobe lung cancer. The X‐ray shows pneumomediastinal lymphadenopathy and subcutaneous emphysema, which is also present on the right side (",Computed tomography of the chest showing the right breast nodule with irregular margins
ROCOv2_2023_train_000004.jpg,"pulley system. The pulleys were placed in the L4-L5 intervertebral space and the L3-S1 intervertebral space, and the pulley system was used to fix the L2-S1 intervertebral disk with a 90° angle.",Lateral view of the sacrum showing the low contrast between bone and soft tissue.
ROCOv2_2023_train_000005.jpg,pneumonia with consolidation and airspace disease in the right upper lobe. Coronal CT image shows bilateral pleural effusion (red arrows). CT: computed tomography; PM: pulmonary embolism. PM: pneumothorax; COVID-19: coronavirus disease ,Thoracic CT scan showing perihilar pulmonary lymphadenomegaly
ROCOv2_2023_train_000006.jpg,"pancreatic mass with multiple calcifications. CT scan of the abdomen showing a well-defined, heterogeneous lesion measuring 3 cm in diameter and containing multiple calcific nodules (arrow). The lesion was not detected on the initial examination by the radiologist. No other abnormalities were noted.CT:",5.1 cm x 3.4 cm x 4 cm multiloculated hepatic abscess in the inferior posterior aspect of the right lobe
ROCOv2_2023_train_000007.jpg,"pneumatosis intestinalis in the liver. Axial contrast-enhanced CT image shows a large, lobulated mass with central hypodense areas and peripheral rim enhancement (arrow) in the left lobe of the liver. The lesion is located between the right hepatic lobe and the spleen. This finding was",Repeat CT abdomen and pelvis showing resolution of collection with no new abscess
ROCOv2_2023_train_000008.jpg,"pituitary abscess. Computed tomography (CT) scan of the head showing a large, well-defined, cystic lesion with peripheral calcification in the left pons and bilateral cerebellar hemispheres. The lesion is surrounded by an area of calcifications consistent with a pituitary abscess. There are no",Computed tomography of the head on Day 0 shows mild to moderate hydrocephalus with the presence of a right posterior parietal VP shunt tube that traverses the right lateral ventricle.
ROCOv2_2023_train_000009.jpg,"pituitary abscess. Computed tomography (CT) of the brain showing a large, well-defined, and cystic mass in the right pons with associated hydrocephalus. The lesion is surrounded by an area of calcification. CT: computed tomography; P: pituitary gland; HU",Computed tomography of the head on Day 22 shows dilated left lateral ventricle with parenchymal hemorrhage in the right frontal lobe (black arrows) and intraventricular hemorrhage (white arrow) despite ventriculostomy tubes.
ROCOv2_2023_train_000010.jpg,"pneumocystis carinarin pneumonia. Coronal CT image showing pneumonitis in the left maxillary sinus with air-fluid levels and a small right orbital effusion (arrow). Note also the presence of air behind the nasal septum, which is consistent with pneumomediastinum",Preop CT showing left orbital floor fracture
ROCOv2_2023_train_000011.jpg,"pneumomediastinum. Sagittal CT image of the chest showing pneumo-mediastinal air (arrows) and subcutaneous emphysema in the neck region, which is also seen on sagital computed tomography.CT: computed tomography; PM: pneum",Postop 22-month CT scan (sagittal): Posteriorly the graft seated in a sound bone
ROCOv2_2023_train_000012.jpg,"pituitary MRI. The pituitary tumor is located in the right paramedian region of the brain and shows a hyperintense signal on T1-weighted images (arrow).MRI: magnetic resonance imaging; T1-WI: T1 weighted image, MRI: Magnetic Resonance Imaging. ",Enhanced magnetic resonance imaging of head revealed bilateral cerebral and cerebellar hemispheres abnormal meningeal enhancement.
ROCOv2_2023_train_000013.jpg,psoas muscle (red arrow) and the arrowhead pointing to the superior endplate of the L4 vertebra. The arrow indicates the level at which the L3 vertebral body is located in the lumbar spine.Lumbar spine: lumbosacral region; sagittal,"Enhanced magnetic resonance imaging of spinal cord delineated multiple enhancement nodules in spinal cord, cauda equina, and cristae membrane (arrow)."
ROCOv2_2023_train_000014.jpg,psoas abscess. Sagittal T2-weighted MRI of the lumbar spine showing a 3 cm×10 mm–4 cm–6 cm–7–8–9–10–11–12–13–1,"Sagittal T2-SPAIR image illustrating the ""fluid sign (arrow)"" in the acute osteoporotic compression fracture."
ROCOv2_2023_train_000015.jpg,"pneumatosis intestinalis in the colon. Axial CT image showing a large, well-defined mass (arrow) with peripheral rim enhancement at the level of the transverse colon and mesenteric fat stranding. The colon wall is thickened and distended with air bubbles consistent with pneumatisation.",CT demonstrating partially obstructed airway.CT: computed tomography.
ROCOv2_2023_train_000016.jpg,"pneumatosis intestinalis in the right upper lobe of the lung. Axial contrast-enhanced CT image shows a large, well-defined mass (arrow) with peripheral rim enhancement and central necrosis involving the right upper lobe of the lung. Note also that there is no pleural effusion or abscess",CT demonstrating the minimum diameter of the patient's airway.CT: computed tomography.This CT image demonstrates the minimum luminal airway dimension found which was 8 mm x 3 mm. 
ROCOv2_2023_train_000017.jpg,"prenatal ultrasound showing a 10-mm mass in the left side of the face. The mass is located between the nasal bones and extends to the level of the maxillary sinus (arrow). The mass has no calcifications or ossification, but contains some calcific deposits. A",Strawberry skull.
ROCOv2_2023_train_000018.jpg,"prenatal ultrasound showing a large mass in the right side of the bladder. The mass is 10 mm in diameter and has an echogenic component (arrow). The mass was not detected by the normal Doppler flow imaging modality. The mass had no obvious vascularity or calcification, but",Hypotelorism.
ROCOv2_2023_train_000019.jpg,"prenatal ultrasound showing a 10.5 × 9.2 cm cystic mass in the right side of the abdomen (arrow). The mass was detected by the sonographer as an intrauterine pregnancy at 34 weeks’ gestation, and it had been confirmed to be a cystic",Low set ears.
ROCOv2_2023_train_000020.jpg,"pulmonary hypertension. Transesophageal echocardiography shows a large pulmonary artery (PA) aneurysm with an intracardiac thrombus and severe pulmonary congestion in the right ventricle. The patient was treated by PCI, but he died of pulmonary edema due to severe pulmonary hypertension after PCI treatment. PA: pulmonary",Atrial septal defect.
ROCOv2_2023_train_000021.jpg,"prenatal ultrasound image of the fetus with a 10-week fetal heart rate. The arrow indicates the location of the heart rhythm in the fetal face, which is normal for this patient (not shown). The arrowhead indicates the location of the heart rhythm at the level of the third cervical",Single umbilical artery seen on axial section.
ROCOv2_2023_train_000022.jpg,"prenatal ultrasound of the fetus with a large cystic mass in the right kidney. The mass is 12 mm × 9 mm and shows a homogeneous echogenicity, without any calcifications or vascularity. The mass was detected by the sonographer as an intra-","Abdominopelvic ultrasound scan showed ectopic kidneys at the hemi-pelvis, fused in their upper poles, normal size and texture of the kidneys with normal corticomedullary differentiation, no stones or obstructive changes"
ROCOv2_2023_train_000023.jpg,"pneumatosis intestinalis. Axial CT image showing pneumatised bowel loops with air-fluid levels (arrows). The colon is not dilated and the mesenteric fat planes are intact, suggesting a normal colon wall without any evidence of intussusception or diverticulitis. Note also","Computed tomography urography. The right kidney is ectopically placed in the pelvis, measures 9.6 cm bipolar length, and is medially and inferiorly faced. The left kidney is also ectopically placed in the pelvis, measures 9.3 cm in bipolar length, is mal-rotated as the pelvis faces upward and laterally, both kidneys are partially fused at their upper poles"
ROCOv2_2023_train_000024.jpg,pulmonary artery (PA) and right coronary artery (RCA). A 10-mm aneurysm of the right coronary artery is seen in the right coronary artery. The arrow indicates the origin of the right coronary artery from the right pulmonary artery. RCA: Right coronary artery; PA: Pulmonary artery,"Left coronary angiography showing the presence of two coronary arteriovenous fistulas (CAFs), originating from the left anterior descending (LAD) and circumflex (Cx) coronary arteries draining into the pulmonary artery"
ROCOv2_2023_train_000025.jpg,"pulmonary angiogram showing the right pulmonary artery (RPA) and aorta (Ao). The RPA is dilated with a diameter of 2.5 cm, and the AOA is dilated to 10 mm in this case. The RPA was also found to be occluded by",Right coronary angiography showing the presence of the right coronary sinus of Valsalva (RCSV) with a coronary arteriovenous fistula (CAFs) draining into the pulmonary artery
ROCOv2_2023_train_000026.jpg,"pneumatosis intestinalis in the liver. Axial contrast-enhanced CT image shows a large, lobulated mass (arrow) with central necrosis and surrounding gas bubbles in the right lobe of the liver. The mass is located between the right hepatic lobe and the left hepatic lobe. Note that there are",Previous CT scan of abdomen showing two pseudocysts in the pancreatic tail (white arrows).
ROCOv2_2023_train_000027.jpg,"pneumatosis intestinalis in the liver. CT scan of the abdomen showing multiple hypodense lesions (arrows) within the liver, with a central area of low attenuation and peripheral areas of high attenuation, consistent with pneumatosis intestinalis. The lesion is located in the right lobe of the liver","New CTA of abdomen showing huge variegated hematoma (yellow arrows) suggesting recent hemorrhage.CTA, CT with angiography"
ROCOv2_2023_train_000028.jpg,"pneumonia with ground glass opacities and consolidation in the right upper lobe. There is also a small area of consolidation in the left lower lobe, which was not seen on chest X-ray before the diagnosis of COVID-19 pneumonia. SARS-CoV-2 infection has been confirmed by",Chest CT scan revealed fibrosis within the irregular strip located in dorsal anasal segment of lower lobes.
ROCOv2_2023_train_000029.jpg,pneumomediastinum. Coronal CT image showing pneumomediastinum with air in the right middle ear space (arrow). The right middle ear is normal and does not show any signs of infection or inflammation.CT: computed tomography; PM: perimembran,Coronal view of the intra-nasal foreign body.
ROCOv2_2023_train_000030.jpg,"pneumocephalus. Sagittal CT image of the patient with pneumomediastinum and pneumorrhachis demonstrates a large amount of air in the right parotid space (arrow). The parotids are also distended, indicating an enlarged left parotid gland. There",Sagittal view of the calcified nasal packing.
ROCOv2_2023_train_000031.jpg,"pneumomediastinum. Axial CT image showing pneumomediastinum (arrow) with air in the subcutaneous layer of the right parotid gland and a small amount of fluid within it, consistent with pneumonitis. The right parotid is also distended",Transverse view of the calcified foreign body. Extensive sinusitis of the right and left maxillary sinuses is evident.
ROCOv2_2023_train_000032.jpg,"pneumomediastinum and subcutaneous emphysema. Chest X-ray showing pneumomediastinum (yellow arrows) with subcutaneous emphysema in the right upper lobe, left lower lobe, and both lungs. Axial view of chest x-ray demonstrating",Chest radiograph showing reticular opacities prominent in bilateral mid and lower zones.
ROCOv2_2023_train_000033.jpg,"pneumonia. Axial CT image of the chest showing bilateral ground glass opacities and consolidation in both lungs (arrows). There is also a small left pleural effusion, which was not seen on the initial chest X-ray. The patient had been treated with corticosteroids for COVID‐",CT chest showing ground-glass opacities with bilateral minimal pleural effusion.
ROCOv2_2023_train_000034.jpg,"pneumomediastinum. Chest X-ray showing pneumomediastinum (arrow) with subcutaneous emphysema in the right chest wall and neck region, suggestive of acute respiratory distress syndrome. The patient was admitted for a cough due to acute respiratory distress syndrome. There is",Follow up chest radiograph after 4 weeks showing radiological resolution.
ROCOv2_2023_train_000035.jpg,pulmonary artery angiogram showing a 90% stenosis of the right coronary artery. The left coronary artery is patent and normal in appearance. There are no signs of thrombus or calcification. No evidence of an acute coronary syndrome was present.RAO view: Left anterior oblique (LAo,Coronary angiogram illustrating spasm in the LAD.
ROCOv2_2023_train_000036.jpg,pulmonary artery angiogram showing a 90% stenosis in the proximal left anterior descending coronary artery. LAD: Left Anterior Descending Coronary Artery; LAO: Localized Open Wall. LAX: Left Main Axial Coronar. RCA: Right Cardiac Radioactive,After administration of IV nitrates and resolution of the narrowing in the LAD.
ROCOv2_2023_train_000037.jpg,"pulmonary artery angiogram showing a 90% stenosis in the right coronary artery. The left main stem is patent and there are no signs of thrombus or dissection. There was no evidence of acute myocardial infarction, but there were significant changes to the left ventricular morphology with an increased proportion of calc",Ventricular fibrillation.
ROCOv2_2023_train_000038.jpg,"pneumatosis intestinalis (arrow) in the small bowel. The arrow indicates pneumatisation of the small bowel wall, which is seen as a thin-walled structure with air fluid levels within it. This can be mistaken for an intestinal obstruction or diverticulitis. A similar finding was observed","Abdominal CT. Abdominal CT shows a mass communicated with the small intestinal lumen (white arrow), and the outer and inner margins of the mass are irregular. A lymph node involvement is observed in the adjacent mesentery (red arrow)"
ROCOv2_2023_train_000039.jpg,"pulmonary embolism. Contrast-enhanced CT scan of the chest showing a large, well circumscribed mass in the right lobe of the liver (arrow). The lesion is surrounded by an area of low attenuation and shows no evidence of necrosis or hemorrhage. This was suspected to be a pulmonary embolus","Abdominal CT. After enhancement, abdominal CT shows a small low-density lesion in the seventh segment of the liver (black arrow)"
ROCOv2_2023_train_000040.jpg,"pneumomediastinum (arrow) and subcutaneous emphysema in the left chest wall. The arrowhead indicates the tip of the needle used for the biopsy, which is located at the level of the right upper lobe. The left side of the chest was not affected by the biopsy",Chest CT. Chest CT shows an irregular contours mass in anterior mediastinum with mild heterogenetic enhancement (white arrow)
ROCOv2_2023_train_000041.jpg,"pneumomediastinum. X-ray of the chest showing pneumomediastinum (arrows). The patient was treated with a 20% lidocaine patch and a 15% lidocaine patch for 3 days, which showed no evidence of infection",Chest X-ray showing bilateral clavicular hypoplasia.
ROCOv2_2023_train_000042.jpg,"pulmonary artery (PA) and portal vein (PV). CT images of the liver, spleen, kidneys, adrenal glands, and pancreas. The red arrows indicate the areas where the CT image was obtained for this study. The blue arrow indicates the area where the CT image was obtained from a representative patient",A slide from CT abdomen that shows that the patient is very thin with large ascites and very large liver.
ROCOv2_2023_train_000043.jpg,"pneumatosis intestinalis in the colon. Axial CT image shows a large, well-defined mass (arrow) with central necrosis and peripheral calcification involving the entire colon wall. The colon is distended with air bubbles due to intussusception of the bowel loops. This finding was considered",Sigmoid colon cancer invading to the retroperitoneum at the time of initial diagnosis.
ROCOv2_2023_train_000044.jpg,"pneumatosis intestinalis. Axial CT image shows a large, lobulated mass with peripheral rim enhancement in the right lower quadrant of the abdomen (arrow). The mass is oriented to the left side and has no obvious contrast uptake or fat stranding. There are multiple small areas of calcification within",Retroperitoneal abscess adjacent to the sigmoid colon tumor.
ROCOv2_2023_train_000045.jpg,"pelvic computed tomography scan showing a large soft tissue mass in the right pubic symphysis. The mass is 10 cm x 8 mm and shows irregular margins, with internal septations (arrow). Note that the mass does not involve the left pubic symphysis or the adjacent muscles",Abnormal air accumulation in the subcutaneous space of the left thigh.
ROCOv2_2023_train_000046.jpg,"pneumatosis intestinalis in the colon. Coronal CT image of a 50-year-old male with chronic inflammatory bowel disease shows pneumatosis intestinalis (red arrow) and small bowel obstruction (blue arrow). The colon is dilated, indicating an acute colitis. Note that there are multiple",CT of the abdomen showing hepatomegaly
ROCOv2_2023_train_000047.jpg,"pneumoperitoneum. Ultrasound of the abdomen showing pneumobilia (arrows). The liver is normal in size and appearance, but there are multiple small nodules within it suggestive of abscesses or metastases. These nodules were not identified on the CT scan before surgery. There was no evidence of",Abdominal ultrasound showing hepatic parenchymal disease
ROCOv2_2023_train_000048.jpg,"pulmonic valve. TEE showing a pulmonal valve with a large vegetation (arrow) in the aortic root, which is not well visualized on the transesophageal echocardiogram.TEE: transthoracic echocardiography; LAO view: long axis view of the aortic",Carpentier type 3B: restrictive leaflet motion—systole (closure): ischaemic mitral regurgitation.
ROCOv2_2023_train_000049.jpg,"pneumatosis intestinalis. Plain X-ray of the abdomen showing air in the small bowel and colon (arrow). The colon is dilated with a thin wall, indicating an intestinal obstruction. Note also the presence of air bubbles within the colon suggesting perforation by the intestinal mass. This finding was confirmed",FB (cutlery handle) in the DII
ROCOv2_2023_train_000050.jpg,"pituitary microadenoma. MRI of the brain showing a large pituitary microadenoma with a mass effect on the right lateral ventricle and left frontal lobe, causing significant hydrocephalus (arrow).MRI: magnetic resonance imaging; FLAIR: fluid-attenuated inversion recovery. 1. P",Brain MRI Flaire image showing hyperintensities in basal ganglias
